ID,Timestamp,Group,Weight_g,T_Air_C,RH_Air_Pct,Moisture_V,Moisture_Pct,T_Leaf_C,Delta_T_C,VPD_kPa,NDVI_Mean,NDVI_Std,Leaf_Area_cm2,Opt_File,Thermal_File,C1,C2,C3,C4,C5,C6,C7,C8,C9
1,"3 октября 2026, 23:29:44",Контроль,,29.4,44.2,1.85,64.0,29.4,0.0,2.29,0.518,0.015,7.1,opt_1_Кассета #190_20261003_232944.jpg,,0.503,0.505,0.489,0.526,0.514,0.534,0.534,0.528,0.527
1,"3 октября 2026, 23:30:02",Контроль,,29.4,44.2,1.85,64.0,29.4,0.0,2.29,0.506,0.013,37.2,opt_1_Кассета #17_20261003_233002.jpg,,0.507,0.506,0.52,0.505,0.494,0.488,0.527,0.493,0.518
1,"3 октября 2026, 23:30:16",Контроль,,29.4,44.2,1.85,64.0,29.4,0.0,2.29,0.516,0.01,38.6,opt_1_Кассета #17_20261003_233016.jpg,,0.511,0.499,0.511,0.528,0.517,0.528,0.504,0.524,0.522
1,"3 октября 2026, 23:30:21",Контроль,,29.4,44.2,1.85,64.0,29.4,0.0,2.29,0.508,0.015,38.0,opt_1_Кассета #17_20261003_233021.jpg,,0.532,0.507,0.485,0.512,0.528,0.508,0.504,0.51,0.489
1,"3 октября 2026, 23:30:11",Превентивная регидратация,,29.4,44.2,1.85,64.0,29.4,0.0,2.29,0.499,0.013,38.5,opt_1_Превентивная регидратация_20261003_233011.jpg,,0.489,0.515,0.494,0.522,0.489,0.493,0.511,0.49,0.485
2,"6 октября 2026, 15:18:06",Контроль,,27.7,47.1,1.85,64.0,27.7,0.0,1.96,0.502,0.011,37.0,opt_2_Кассета #190_20261006_151806.jpg,,0.518,0.494,0.502,0.522,0.488,0.494,0.506,0.491,0.5
2,"6 октября 2026, 15:18:13",Контроль,,27.7,47.1,1.85,64.0,27.7,0.0,1.96,0.511,0.008,38.2,opt_2_Кассета #17_20261006_151813.jpg,,0.51,0.522,0.51,0.518,0.495,0.504,0.511,0.522,0.508
2,"6 октября 2026, 15:18:19",Контроль,,27.7,47.1,1.85,64.0,27.7,0.0,1.96,0.512,0.014,39.1,opt_2_Кассета #17_20261006_151819.jpg,,0.534,0.518,0.533,0.499,0.519,0.509,0.499,0.502,0.494
2,"6 октября 2026, 15:18:23",Контроль,,27.7,47.1,1.85,64.0,27.7,0.0,1.96,0.513,0.013,37.1,opt_2_Кассета #17_20261006_151823.jpg,,0.524,0.51,0.528,0.525,0.524,0.488,0.509,0.51,0.501
2,"6 октября 2026, 15:18:37",Контроль,,27.7,47.2,1.85,64.0,27.7,0.0,1.96,0.511,0.015,36.8,opt_2_Кассета #190_20261006_151837.jpg,,0.529,0.528,0.509,0.512,0.529,0.49,0.513,0.489,0.503
3,"6 октября 2026, 15:57:51",Контроль,,28.3,49.8,1.85,64.0,28.3,0.0,1.93,0.505,0.014,37.2,opt_3_Кассета #17_20261006_155751.jpg,,0.498,0.506,0.517,0.499,0.492,0.532,0.491,0.518,0.491
3,"6 октября 2026, 15:57:57",Контроль,,28.3,49.7,1.85,64.0,28.3,0.0,1.93,0.508,0.012,38.3,opt_3_Кассета #37_20261006_155757.jpg,,0.488,0.511,0.525,0.517,0.491,0.499,0.515,0.513,0.514
3,"6 октября 2026, 15:58:02",Контроль,,28.3,49.7,1.85,64.0,28.3,0.0,1.93,0.511,0.014,38.4,opt_3_Кассета #37_20261006_155802.jpg,,0.527,0.517,0.49,0.524,0.522,0.489,0.518,0.516,0.497
3,"6 октября 2026, 15:58:12",Контроль,,28.3,49.6,1.85,64.0,28.3,0.0,1.94,0.516,0.008,38.6,opt_3_Кассета #17_20261006_155812.jpg,,0.506,0.524,0.511,0.523,0.517,0.515,0.501,0.527,0.524
3,"6 октября 2026, 15:58:21",Контроль,,28.3,49.7,1.85,64.0,28.3,0.0,1.93,0.515,0.013,37.0,opt_3_Кассета #17_20261006_155821.jpg,,0.512,0.528,0.511,0.518,0.501,0.523,0.52,0.487,0.531
4,"6 октября 2026, 16:31:12",Контроль,,27.8,49.9,2.99,0.5,26.0,-1.8,1.87,0.511,0.143,237.7,opt_4_Кассета #190_20261006_163112.jpg,therm_4_IMG 0468.bmp.jpg,0.382,0.705,0.505,0.703,0.368,0.405,0.0,0.0,0.0
4,"7 октября 2026, 09:29:23",Засоление (NaCl),,28.6,51.9,2.81,10.4,23.4,-5.2,1.88,0.473,0.106,235.4,opt_4_Кассета #190_20261007_092923.jpg,therm_4_IMG 0469.bmp.jpg,0.0,0.0,0.41,0.648,0.372,0.462,0.0,0.0,0.0
4,"7 октября 2026, 09:31:55",Превентивная регидратация,,28.3,48.8,2.79,11.6,21.6,-6.7,1.97,0.531,0.119,4.7,opt_4_Кассета #190_20261007_093155.jpg,therm_4_IMG 0470.bmp.jpg,0.0,0.736,0.52,0.505,0.362,0.534,0.0,0.0,0.0
4,"7 октября 2026, 09:32:07",Традиционный визуальный контроль,,28.3,48.9,2.79,11.6,21.2,-7.1,1.97,0.505,0.098,8.1,opt_4_Кассета #190_20261007_093207.jpg,therm_4_IMG 0471.bmp.jpg,0.0,0.452,0.54,0.65,0.355,0.527,0.0,0.0,0.0
4,"7 октября 2026, 09:32:13",Терминальная засуха,,28.3,48.8,2.79,11.6,20.1,-8.2,1.97,0.457,0.132,2.8,opt_4_Терминальная засуха_20261007_093213.jpg,therm_4_IMG 0472.bmp.jpg,0.0,0.704,0.361,0.374,0.361,0.486,0.0,0.0,0.0
5,"7 октября 2026, 13:16:55",Контроль,,27.9,44.9,1.85,64.0,27.9,0.0,2.07,0.287,0.041,7.2,opt_5_Кассета #37_20261007_131655.jpg,,0.281,0.0,0.246,0.323,0.0,0.0,0.345,0.0,0.24
5,"7 октября 2026, 13:17:00",Контроль,,27.9,45.0,1.85,64.0,27.9,0.0,2.07,0.296,0.037,2.0,opt_5_Кассета #17_20261007_131700.jpg,,0.276,0.0,0.263,0.335,0.0,0.0,0.348,0.0,0.26
5,"7 октября 2026, 13:17:04",Контроль,,27.9,45.1,1.85,64.0,27.9,0.0,2.06,0.292,0.038,6.8,opt_5_Кассета #17_20261007_131704.jpg,,0.278,0.0,0.251,0.324,0.0,0.0,0.348,0.0,0.257
5,"7 октября 2026, 13:17:08",Контроль,,27.9,45.2,1.85,64.0,27.9,0.0,2.06,0.294,0.044,195.8,opt_5_Кассета #17_20261007_131708.jpg,,0.276,0.0,0.255,0.323,0.0,0.0,0.365,0.0,0.251
5,"7 октября 2026, 13:17:12",Контроль,,27.9,45.2,1.85,64.0,27.9,0.0,2.06,0.291,0.033,68.3,opt_5_Кассета #17_20261007_131712.jpg,,0.278,0.0,0.259,0.305,0.0,0.29,0.354,0.0,0.258
6,"7 октября 2026, 20:12:51",Контроль,,29.3,38.2,1.85,63.9,20.1,-9.2,2.52,0.336,0.087,18.1,opt_6_Контроль_20261007_201251.jpg,therm_6_IMG 0472.bmp.jpg,0.241,0.423,0.421,0.282,0.504,0.283,0.344,0.253,0.275
6,"7 октября 2026, 20:27:53",Засоление (NaCl),,29.3,38.2,1.62,76.4,24.2,-5.1,2.52,0.361,0.084,13.1,opt_6_Засоление (NaCl)_20261007_202753.jpg,therm_6_IMG 0473.bmp.jpg,0.0,0.307,0.489,0.235,0.417,0.278,0.425,0.0,0.375
6,"7 октября 2026, 20:28:43",Превентивная регидратация,,29.3,38.2,1.86,63.4,23.7,-5.6,2.52,0.355,0.103,14.7,opt_6_Превентивная регидратация_20261007_202843.jpg,therm_6_IMG 0474.bmp.jpg,0.225,0.34,0.5,0.233,0.501,0.267,0.41,0.0,0.366
6,"7 октября 2026, 20:33:35",Традиционный визуальный контроль,,29.3,38.2,1.84,64.5,22.2,-7.1,2.52,0.358,0.103,16.2,opt_6_Традиционный визуальный контроль_20261007_203335.jpg,therm_6_IMG 0475.bmp.jpg,0.257,0.306,0.531,0.249,0.512,0.362,0.413,0.243,0.347
6,"7 октября 2026, 20:33:42",Терминальная засуха,,29.3,38.2,1.86,63.6,27.2,-2.1,2.52,0.0,0.0,0.0,opt_6_Традиционный визуальный контроль_20261007_203342.jpg,therm_6_IMG 0476.bmp.jpg,0.0,0.0,0.0,0.0,0.0,0.0,0.0,0.0,0.0
103,"8 октября 2026, 15:23:14",Контроль,,24.9,65.7,3.0,0.0,26.9,2.0,1.08,0.696,0.176,112.2,opt_103_Контроль_20261008_152314.jpg,therm_103_IMG 0477.bmp.jpg,0.663,0.553,0.745,0.752,0.758,0.873,0.75,0.278,0.894
102,"8 октября 2026, 15:21:56",Осмос,,24.9,65.7,3.0,0.0,27.2,2.3,1.08,0.662,0.167,116.6,opt_102_Осмос_20261008_152156.jpg,therm_102_IMG 0476.bmp.jpg,0.656,0.562,0.462,0.751,0.756,0.341,0.753,0.778,0.903
104,"8 октября 2026, 15:23:45",Засуха,,24.9,65.7,3.0,0.0,32.7,7.8,1.08,0.751,0.106,70.2,opt_104_Засуха_20261008_152345.jpg,therm_104_IMG 0478.bmp.jpg,0.655,0.526,0.752,0.757,0.759,0.877,0.769,0.755,0.909
105,"8 октября 2026, 15:24:42",Превенция,,24.9,65.7,3.0,0.0,25.2,0.3,1.08,0.693,0.193,81.0,opt_105_Превенция_20261008_152442.jpg,therm_105_IMG 0479.bmp.jpg,0.662,0.589,0.772,0.756,0.728,0.85,0.759,0.209,0.916
106,"8 октября 2026, 15:25:40",Реакция,,24.9,65.7,3.0,0.0,22.4,-2.5,1.08,0.703,0.177,119.0,opt_106_Реакция_20261008_152540.jpg,therm_106_IMG 0480.bmp.jpg,0.674,0.6,0.779,0.756,0.725,0.851,0.759,0.266,0.914
107,"8 октября 2026, 15:27:28",Контроль,,24.9,65.7,1.85,64.0,24.9,0.0,1.08,0.76,0.086,65.8,opt_107_Контроль_20261008_152728.jpg,,0.674,0.601,0.774,0.755,0.729,0.854,0.763,0.77,0.916
108,"8 октября 2026, 15:27:35",Контроль,,24.9,65.7,1.85,64.0,24.9,0.0,1.08,1.0,0.0,11.4,opt_108_Контроль_20261008_152735.jpg,,1.0,1.0,1.0,1.0,1.0,0.0,1.0,1.0,0.0
110,"8 октября 2026, 15:27:53",Засуха,,24.9,65.7,1.85,64.0,24.9,0.0,1.08,0.76,0.086,66.1,opt_110_Засуха_20261008_152753.jpg,,0.677,0.6,0.779,0.756,0.73,0.853,0.761,0.767,0.917
111,"8 октября 2026, 15:28:05",Превенция,,24.9,65.7,1.85,64.0,24.9,0.0,1.08,0.762,0.085,65.7,opt_111_Превенция_20261008_152805.jpg,,0.676,0.609,0.785,0.758,0.732,0.854,0.76,0.767,0.917
112,"8 октября 2026, 15:31:27",Реакция,,24.9,65.7,1.85,64.0,24.9,0.0,1.08,0.681,0.166,77.0,opt_112_Реакция_20261008_153127.jpg,,0.376,0.551,0.532,0.663,0.776,0.862,0.651,0.791,0.925
114,"8 октября 2026, 15:41:49",Контроль,,24.9,65.7,3.0,0.0,26.9,2.0,1.08,0.659,0.162,118.7,opt_114_Осмос_20261008_154149.jpg,therm_114_IMG 0477.bmp.jpg,0.35,0.525,0.518,0.663,0.763,0.724,0.669,0.79,0.926
113,"8 октября 2026, 15:40:40",Осмос,,24.9,65.7,3.0,0.0,27.2,2.3,1.08,0.66,0.161,119.3,opt_113_Осмос_20261008_154040.jpg,therm_113_IMG 0476.bmp.jpg,0.355,0.53,0.519,0.662,0.761,0.733,0.668,0.786,0.927
115,"8 октября 2026, 15:42:07",Засуха,,24.9,65.7,3.0,0.0,32.7,7.8,1.08,0.66,0.16,117.5,opt_115_Осмос_20261008_154207.jpg,therm_115_IMG 0478.bmp.jpg,0.358,0.526,0.526,0.662,0.761,0.727,0.667,0.789,0.927
116,"8 октября 2026, 15:43:34",Превенция,,24.9,65.7,3.0,0.0,25.2,0.3,1.08,0.66,0.157,117.2,opt_116_Осмос_20261008_154334.jpg,therm_116_IMG 0479.bmp.jpg,0.358,0.535,0.53,0.662,0.761,0.731,0.672,0.768,0.924
117,"8 октября 2026, 15:43:43",Реакция,,24.9,65.7,3.0,0.0,22.4,-2.5,1.08,0.629,0.123,19.1,opt_117_Осмос_20261008_154343.jpg,therm_117_IMG 0480.bmp.jpg,0.877,0.674,0.617,0.513,0.54,0.0,0.554,0.0,0.0
114,"8 октября 2026, 15:41:49",Контроль,,24.9,65.7,3.0,0.0,26.9,2.0,1.08,0.659,0.162,118.7,opt_114_Осмос_20261008_154149.jpg,therm_114_IMG 0477.bmp.jpg,0.35,0.525,0.518,0.663,0.763,0.724,0.669,0.79,0.926
113,"8 октября 2026, 15:40:40",Осмос,,24.9,65.7,3.0,0.0,27.2,2.3,1.08,0.66,0.161,119.3,opt_113_Осмос_20261008_154040.jpg,therm_113_IMG 0476.bmp.jpg,0.355,0.53,0.519,0.662,0.761,0.733,0.668,0.786,0.927
115,"8 октября 2026, 15:42:07",Засуха,,24.9,65.7,3.0,0.0,32.7,7.8,1.08,0.66,0.16,117.5,opt_115_Осмос_20261008_154207.jpg,therm_115_IMG 0478.bmp.jpg,0.358,0.526,0.526,0.662,0.761,0.727,0.667,0.789,0.927
116,"8 октября 2026, 15:43:34",Превенция,,24.9,65.7,3.0,0.0,25.2,0.3,1.08,0.66,0.157,117.2,opt_116_Осмос_20261008_154334.jpg,therm_116_IMG 0479.bmp.jpg,0.358,0.535,0.53,0.662,0.761,0.731,0.672,0.768,0.924
117,"8 октября 2026, 15:43:43",Реакция,,24.9,65.7,3.0,0.0,22.4,-2.5,1.08,0.629,0.123,19.1,opt_117_Осмос_20261008_154343.jpg,therm_117_IMG 0480.bmp.jpg,0.877,0.674,0.617,0.513,0.54,0.0,0.554,0.0,0.0
167,"8 октября 2026, 19:10:22",Осмос,282,24.9,65.7,1.2,99.9,23.2,-1.3,1.08,0.83,0.054,5.6,opt_167_Осмос_20261008_191022.jpg,therm_167_IMG 0486.bmp.jpg,0.834,0.0,0.873,0.807,0.76,0.898,0.808,0.758,0.904
168,"8 октября 2026, 19:14:17",Засуха,316,24.9,65.7,1.22,99.0,23.6,-0.9,1.08,0.81,0.063,9.3,opt_168_Осмос_20261008_191417.jpg,therm_168_IMG 0487.bmp.jpg,0.781,0.816,0.879,0.722,0.754,0.831,0.785,0.783,0.942
169,"8 октября 2026, 19:16:30",Превенция,297,24.9,65.7,1.25,97.0,23.8,-1.1,1.08,0.796,0.137,5.2,opt_169_Превенция_20261008_191630.jpg,therm_169_IMG 0488.bmp.jpg,0.0,0.736,1.0,0.523,0.734,0.879,0.753,0.82,0.924
170,"8 октября 2026, 19:20:09",Реакция,290,24.9,65.7,1.25,97.4,23.3,-1.2,1.08,0.801,0.086,9.6,opt_170_Превенция_20261008_192009.jpg,therm_170_IMG 0489.bmp.jpg,0.824,0.784,0.885,0.819,0.859,0.823,0.581,0.768,0.867
171,"8 октября 2026, 19:25:34",Контроль,272,24.9,65.7,1.24,98.0,23.7,-1.2,1.08,0.789,0.091,10.0,opt_171_Контроль_20261008_192534.jpg,therm_171_IMG 0489.bmp.jpg,0.709,0.759,0.976,0.677,0.704,0.816,0.768,0.798,0.895
